﻿<?xml version="1.0" encoding="utf-8"?>
<Project ToolsVersion="15.0" xmlns="http://schemas.microsoft.com/developer/msbuild/2003">
  <PropertyGroup>
    <IncludeCompositeObjects>True</IncludeCompositeObjects>
    <TargetDatabaseName>SecondDatabase</TargetDatabaseName>
    <DeployScriptFileName>SecondDatabase.sql</DeployScriptFileName>
    <TargetConnectionString>Data Source=localhost;Integrated Security=True;Persist Security Info=False;Pooling=False;MultipleActiveResultSets=False;Connect Timeout=60;Encrypt=False;TrustServerCertificate=False</TargetConnectionString>
    <ProfileVersionNumber>1</ProfileVersionNumber>
  </PropertyGroup>
  <ItemGroup>
    <SqlCmdVariable Include="SvcWebSite">
      <Value>svc_company_website</Value>
    </SqlCmdVariable>
  </ItemGroup>
</Project>