﻿<?xml version="1.0" encoding="utf-8"?>
<Project ToolsVersion="15.0" xmlns="http://schemas.microsoft.com/developer/msbuild/2003">
  <PropertyGroup>
    <IncludeCompositeObjects>True</IncludeCompositeObjects>
    <TargetDatabaseName>CRM</TargetDatabaseName>
    <DeployScriptFileName>CRM.sql</DeployScriptFileName>
    <ProfileVersionNumber>1</ProfileVersionNumber>
  </PropertyGroup>
  <ItemGroup>
    <SqlCmdVariable Include="SecondDatabase">
      <Value>
      </Value>
    </SqlCmdVariable>
  </ItemGroup>
</Project>